,Seed,Samples,Score,PRECISION,RECALL,V PRECISION,V RECALL,DAG PRECISION,DAG RECALL,HAMMING,SCALED HAMMING,SHD,SCALED SHD
0,0,1600,BDeu,0.9565217391304348,0.9565217391304348,0.48717948717948717,0.7916666666666666,0.6875,0.9565217391304348,4,0.08695652173913043,20,0.43478260869565216
1,0,1600,WMSE,0.7948717948717948,0.6739130434782609,0.3,0.125,0.37777777777777777,0.3695652173913043,23,0.5,42,0.9130434782608695
2,0,1600,BIC,0.6,0.45652173913043476,0.07692307692307693,0.041666666666666664,0.24444444444444444,0.2391304347826087,39,0.8478260869565217,56,1.2173913043478262
3,0,1600,qNML,0.5833333333333334,0.45652173913043476,0.07692307692307693,0.041666666666666664,0.2391304347826087,0.2391304347826087,40,0.8695652173913043,57,1.2391304347826086
4,0,3200,BDeu,0.8775510204081632,0.9347826086956522,0.7142857142857143,0.625,0.7017543859649122,0.8695652173913043,9,0.1956521739130435,18,0.391304347826087
5,0,3200,WMSE,0.8,0.6956521739130435,0.2,0.375,0.44776119402985076,0.6521739130434783,22,0.4782608695652174,46,1.0
6,0,3200,BIC,0.6944444444444444,0.5434782608695652,0.6666666666666666,0.08333333333333333,0.2972972972972973,0.2391304347826087,32,0.6956521739130435,47,1.0217391304347827
7,0,3200,qNML,0.6578947368421053,0.5434782608695652,0.6666666666666666,0.08333333333333333,0.28205128205128205,0.2391304347826087,34,0.7391304347826086,49,1.065217391304348
8,0,6400,BDeu,0.8958333333333334,0.9347826086956522,0.4642857142857143,0.5416666666666666,0.6065573770491803,0.8043478260869565,8,0.17391304347826086,24,0.5217391304347826
9,0,6400,WMSE,0.75,0.717391304347826,0.36363636363636365,0.16666666666666666,0.391304347826087,0.391304347826087,24,0.5217391304347826,40,0.8695652173913043
10,0,6400,BIC,0.7837837837837838,0.6304347826086957,1.0,0.125,0.42105263157894735,0.34782608695652173,25,0.5434782608695652,39,0.8478260869565217
11,0,6400,qNML,0.7435897435897436,0.6304347826086957,0.5,0.125,0.4,0.34782608695652173,27,0.5869565217391305,41,0.8913043478260869
12,0,12800,BDeu,0.9782608695652174,0.9782608695652174,0.95,0.7916666666666666,0.8269230769230769,0.9347826086956522,2,0.043478260869565216,10,0.21739130434782608
13,0,12800,WMSE,0.7916666666666666,0.8260869565217391,0.2777777777777778,0.20833333333333334,0.38181818181818183,0.45652173913043476,18,0.391304347826087,42,0.9130434782608695
14,0,12800,BIC,0.7209302325581395,0.6739130434782609,0.3,0.125,0.38636363636363635,0.3695652173913043,27,0.5869565217391305,42,0.9130434782608695
15,0,12800,qNML,0.7045454545454546,0.6739130434782609,0.2727272727272727,0.125,0.37777777777777777,0.3695652173913043,28,0.6086956521739131,43,0.9347826086956522
16,0,25600,BDeu,0.9183673469387755,0.9782608695652174,0.9047619047619048,0.7916666666666666,0.7636363636363637,0.9130434782608695,5,0.10869565217391304,12,0.2608695652173913
17,0,25600,WMSE,0.7017543859649122,0.8695652173913043,0.3333333333333333,0.20833333333333334,0.3387096774193548,0.45652173913043476,23,0.5,46,1.0
18,0,25600,BIC,0.7804878048780488,0.6956521739130435,0.3333333333333333,0.20833333333333334,0.52,0.5652173913043478,23,0.5,38,0.8260869565217391
19,0,25600,qNML,0.7804878048780488,0.6956521739130435,0.3333333333333333,0.20833333333333334,0.52,0.5652173913043478,23,0.5,38,0.8260869565217391
20,1,1600,BDeu,0.9166666666666666,0.9565217391304348,0.9444444444444444,0.7083333333333334,0.8076923076923077,0.9130434782608695,6,0.13043478260869565,11,0.2391304347826087
21,1,1600,WMSE,0.7631578947368421,0.6304347826086957,0.2,0.08333333333333333,0.37209302325581395,0.34782608695652173,26,0.5652173913043478,43,0.9347826086956522
22,1,1600,BIC,0.4857142857142857,0.3695652173913043,0.09090909090909091,0.16666666666666666,0.25,0.34782608695652173,47,1.0217391304347827,63,1.3695652173913044
23,1,1600,qNML,0.41025641025641024,0.34782608695652173,0.0625,0.125,0.2,0.30434782608695654,53,1.1521739130434783,68,1.4782608695652173
24,1,3200,BDeu,0.9361702127659575,0.9565217391304348,1.0,0.7083333333333334,0.8367346938775511,0.8913043478260869,5,0.10869565217391304,10,0.21739130434782608
25,1,3200,WMSE,0.7857142857142857,0.717391304347826,0.2857142857142857,0.16666666666666666,0.3958333333333333,0.41304347826086957,22,0.4782608695652174,41,0.8913043478260869
26,1,3200,BIC,0.5526315789473685,0.45652173913043476,0.04081632653061224,0.08333333333333333,0.25,0.3695652173913043,42,0.9130434782608695,63,1.3695652173913044
27,1,3200,qNML,0.5121951219512195,0.45652173913043476,0.05263157894736842,0.08333333333333333,0.22950819672131148,0.30434782608695654,45,0.9782608695652174,62,1.3478260869565217
28,1,6400,BDeu,0.9565217391304348,0.9565217391304348,0.9444444444444444,0.7083333333333334,0.8235294117647058,0.9130434782608695,4,0.08695652173913043,10,0.21739130434782608
29,1,6400,WMSE,0.7446808510638298,0.7608695652173914,0.23529411764705882,0.16666666666666666,0.38461538461538464,0.43478260869565216,23,0.5,42,0.9130434782608695
30,1,6400,BIC,0.7317073170731707,0.6521739130434783,0.20833333333333334,0.20833333333333334,0.45454545454545453,0.5434782608695652,27,0.5869565217391305,44,0.9565217391304348
31,1,6400,qNML,0.7142857142857143,0.6521739130434783,0.2857142857142857,0.16666666666666666,0.42857142857142855,0.45652173913043476,28,0.6086956521739131,44,0.9565217391304348
32,1,12800,BDeu,0.9555555555555556,0.9347826086956522,0.9444444444444444,0.7083333333333334,0.8367346938775511,0.8913043478260869,5,0.10869565217391304,11,0.2391304347826087
33,1,12800,WMSE,0.6923076923076923,0.782608695652174,0.2222222222222222,0.16666666666666666,0.35714285714285715,0.43478260869565216,26,0.5652173913043478,46,1.0
34,1,12800,BIC,0.6744186046511628,0.6304347826086957,0.3333333333333333,0.20833333333333334,0.4489795918367347,0.4782608695652174,31,0.6739130434782609,43,0.9347826086956522
35,1,12800,qNML,0.6744186046511628,0.6304347826086957,0.3333333333333333,0.20833333333333334,0.4489795918367347,0.4782608695652174,31,0.6739130434782609,43,0.9347826086956522
36,1,25600,BDeu,0.9375,0.9782608695652174,1.0,0.7916666666666666,0.7924528301886793,0.9130434782608695,4,0.08695652173913043,11,0.2391304347826087
37,1,25600,WMSE,0.6060606060606061,0.8695652173913043,0.13333333333333333,0.16666666666666666,0.30434782608695654,0.45652173913043476,32,0.6956521739130435,54,1.173913043478261
38,1,25600,BIC,0.7857142857142857,0.717391304347826,0.4444444444444444,0.16666666666666666,0.5227272727272727,0.5,22,0.4782608695652174,34,0.7391304347826086
39,1,25600,qNML,0.75,0.717391304347826,0.36363636363636365,0.16666666666666666,0.5,0.5,24,0.5217391304347826,36,0.782608695652174
40,2,1600,BDeu,0.9148936170212766,0.9347826086956522,0.8823529411764706,0.625,0.7358490566037735,0.8478260869565217,7,0.15217391304347827,16,0.34782608695652173
41,2,1600,WMSE,0.7631578947368421,0.6304347826086957,0.2857142857142857,0.08333333333333333,0.375,0.32608695652173914,26,0.5652173913043478,41,0.8913043478260869
42,2,1600,BIC,0.4411764705882353,0.32608695652173914,0.07692307692307693,0.125,0.2222222222222222,0.30434782608695654,50,1.0869565217391304,65,1.4130434782608696
43,2,1600,qNML,0.4444444444444444,0.34782608695652173,0.07142857142857142,0.125,0.22388059701492538,0.32608695652173914,50,1.0869565217391304,66,1.434782608695652
44,2,3200,BDeu,0.8979591836734694,0.9565217391304348,0.68,0.7083333333333334,0.711864406779661,0.9130434782608695,7,0.15217391304347827,15,0.32608695652173914
45,2,3200,WMSE,0.775,0.6739130434782609,0.3076923076923077,0.16666666666666666,0.4222222222222222,0.41304347826086957,24,0.5217391304347826,41,0.8913043478260869
46,2,3200,BIC,0.6666666666666666,0.5217391304347826,0.12121212121212122,0.16666666666666666,0.35714285714285715,0.43478260869565216,34,0.7391304347826086,51,1.108695652173913
47,2,3200,qNML,0.6153846153846154,0.5217391304347826,0.10810810810810811,0.16666666666666666,0.32786885245901637,0.43478260869565216,37,0.8043478260869565,54,1.173913043478261
48,2,6400,BDeu,0.9166666666666666,0.9565217391304348,0.8095238095238095,0.7083333333333334,0.7636363636363637,0.9130434782608695,6,0.13043478260869565,12,0.2608695652173913
49,2,6400,WMSE,0.7727272727272727,0.7391304347826086,0.4166666666666667,0.20833333333333334,0.44680851063829785,0.45652173913043476,22,0.4782608695652174,38,0.8260869565217391
50,2,6400,BIC,0.7435897435897436,0.6304347826086957,0.2,0.041666666666666664,0.375,0.32608695652173914,27,0.5869565217391305,42,0.9130434782608695
51,2,6400,qNML,0.7142857142857143,0.6521739130434783,0.125,0.041666666666666664,0.3488372093023256,0.32608695652173914,28,0.6086956521739131,44,0.9565217391304348
52,2,12800,BDeu,0.9375,0.9782608695652174,0.8636363636363636,0.7916666666666666,0.7962962962962963,0.9347826086956522,4,0.08695652173913043,10,0.21739130434782608
53,2,12800,WMSE,0.6545454545454545,0.782608695652174,0.3125,0.20833333333333334,0.3275862068965517,0.41304347826086957,29,0.6304347826086957,49,1.065217391304348
54,2,12800,BIC,0.7209302325581395,0.6739130434782609,0.375,0.125,0.4090909090909091,0.391304347826087,27,0.5869565217391305,41,0.8913043478260869
55,2,12800,qNML,0.7209302325581395,0.6739130434782609,0.26666666666666666,0.16666666666666666,0.4583333333333333,0.4782608695652174,27,0.5869565217391305,40,0.8695652173913043
56,2,25600,BDeu,0.9361702127659575,0.9565217391304348,0.9047619047619048,0.7916666666666666,0.8076923076923077,0.9130434782608695,5,0.10869565217391304,11,0.2391304347826087
57,2,25600,WMSE,0.6557377049180327,0.8695652173913043,0.13333333333333333,0.16666666666666666,0.3076923076923077,0.43478260869565216,27,0.5869565217391305,51,1.108695652173913
58,2,25600,BIC,0.7272727272727273,0.6956521739130435,0.3,0.125,0.37777777777777777,0.3695652173913043,26,0.5652173913043478,42,0.9130434782608695
59,2,25600,qNML,0.7272727272727273,0.6956521739130435,0.3,0.125,0.37777777777777777,0.3695652173913043,26,0.5652173913043478,42,0.9130434782608695
60,3,1600,BDeu,0.8979591836734694,0.9565217391304348,0.8095238095238095,0.7083333333333334,0.7454545454545455,0.8913043478260869,7,0.15217391304347827,14,0.30434782608695654
61,3,1600,WMSE,0.717948717948718,0.6086956521739131,0.23076923076923078,0.125,0.4,0.391304347826087,29,0.6304347826086957,44,0.9565217391304348
62,3,1600,BIC,0.5,0.3695652173913043,0.08333333333333333,0.041666666666666664,0.17073170731707318,0.15217391304347827,46,1.0,62,1.3478260869565217
63,3,1600,qNML,0.4722222222222222,0.3695652173913043,0.06666666666666667,0.041666666666666664,0.15217391304347827,0.15217391304347827,48,1.0434782608695652,65,1.4130434782608696
64,3,3200,BDeu,0.9565217391304348,0.9565217391304348,0.8947368421052632,0.7083333333333334,0.803921568627451,0.8913043478260869,4,0.08695652173913043,11,0.2391304347826087
65,3,3200,WMSE,0.7674418604651163,0.717391304347826,0.21428571428571427,0.125,0.3617021276595745,0.3695652173913043,23,0.5,43,0.9347826086956522
66,3,3200,BIC,0.6052631578947368,0.5,0.06976744186046512,0.125,0.3230769230769231,0.45652173913043476,38,0.8260869565217391,57,1.2391304347826086
67,3,3200,qNML,0.5897435897435898,0.5,0.08333333333333333,0.125,0.31666666666666665,0.41304347826086957,39,0.8478260869565217,56,1.2173913043478262
68,3,6400,BDeu,0.8958333333333334,0.9347826086956522,0.4642857142857143,0.5416666666666666,0.6031746031746031,0.8260869565217391,8,0.17391304347826086,24,0.5217391304347826
69,3,6400,WMSE,0.7804878048780488,0.6956521739130435,0.38461538461538464,0.20833333333333334,0.45652173913043476,0.45652173913043476,23,0.5,39,0.8478260869565217
70,3,6400,BIC,0.6666666666666666,0.5652173913043478,0.21052631578947367,0.16666666666666666,0.38,0.41304347826086957,33,0.717391304347826,46,1.0
71,3,6400,qNML,0.6097560975609756,0.5434782608695652,0.23529411764705882,0.16666666666666666,0.34,0.3695652173913043,37,0.8043478260869565,50,1.0869565217391304
72,3,12800,BDeu,0.9777777777777777,0.9565217391304348,1.0,0.7083333333333334,0.8571428571428571,0.9130434782608695,3,0.06521739130434782,9,0.1956521739130435
73,3,12800,WMSE,0.6727272727272727,0.8043478260869565,0.22727272727272727,0.20833333333333334,0.39655172413793105,0.5,27,0.5869565217391305,44,0.9565217391304348
74,3,12800,BIC,0.8,0.6956521739130435,0.3333333333333333,0.16666666666666666,0.4791666666666667,0.5,22,0.4782608695652174,39,0.8478260869565217
75,3,12800,qNML,0.7380952380952381,0.6739130434782609,0.2857142857142857,0.16666666666666666,0.46,0.5,26,0.5652173913043478,42,0.9130434782608695
76,3,25600,BDeu,0.9375,0.9782608695652174,0.6153846153846154,0.6666666666666666,0.6896551724137931,0.8695652173913043,4,0.08695652173913043,19,0.41304347826086957
77,3,25600,WMSE,0.6666666666666666,0.8260869565217391,0.23809523809523808,0.20833333333333334,0.31666666666666665,0.41304347826086957,27,0.5869565217391305,49,1.065217391304348
78,3,25600,BIC,0.7674418604651163,0.717391304347826,0.375,0.125,0.4090909090909091,0.391304347826087,23,0.5,39,0.8478260869565217
79,3,25600,qNML,0.7674418604651163,0.717391304347826,0.375,0.125,0.4090909090909091,0.391304347826087,23,0.5,39,0.8478260869565217
80,4,1600,BDeu,1.0,0.9565217391304348,0.95,0.7916666666666666,0.88,0.9565217391304348,2,0.043478260869565216,8,0.17391304347826086
81,4,1600,WMSE,0.8378378378378378,0.6739130434782609,0.3,0.125,0.38636363636363635,0.3695652173913043,21,0.45652173913043476,41,0.8913043478260869
82,4,1600,BIC,0.5882352941176471,0.43478260869565216,0.09615384615384616,0.20833333333333334,0.2878787878787879,0.41304347826086957,40,0.8695652173913043,60,1.3043478260869565
83,4,1600,qNML,0.5263157894736842,0.43478260869565216,0.04918032786885246,0.125,0.24285714285714285,0.3695652173913043,44,0.9565217391304348,64,1.391304347826087
84,4,3200,BDeu,0.9555555555555556,0.9347826086956522,0.9444444444444444,0.7083333333333334,0.8367346938775511,0.8913043478260869,5,0.10869565217391304,11,0.2391304347826087
85,4,3200,WMSE,0.7555555555555555,0.7391304347826086,0.2,0.25,0.45,0.5869565217391305,23,0.5,43,0.9347826086956522
86,4,3200,BIC,0.6842105263157895,0.5652173913043478,0.14814814814814814,0.16666666666666666,0.375,0.45652173913043476,32,0.6956521739130435,47,1.0217391304347827
87,4,3200,qNML,0.6666666666666666,0.5652173913043478,0.14285714285714285,0.16666666666666666,0.35714285714285715,0.43478260869565216,33,0.717391304347826,48,1.0434782608695652
88,4,6400,BDeu,0.9565217391304348,0.9565217391304348,1.0,0.7083333333333334,0.84,0.9130434782608695,4,0.08695652173913043,10,0.21739130434782608
89,4,6400,WMSE,0.7755102040816326,0.8260869565217391,0.4166666666666667,0.20833333333333334,0.41509433962264153,0.4782608695652174,19,0.41304347826086957,39,0.8478260869565217
90,4,6400,BIC,0.717948717948718,0.6086956521739131,0.23529411764705882,0.16666666666666666,0.4166666666666667,0.43478260869565216,29,0.6304347826086957,43,0.9347826086956522
91,4,6400,qNML,0.7,0.6086956521739131,0.21052631578947367,0.16666666666666666,0.4,0.43478260869565216,30,0.6521739130434783,44,0.9565217391304348
92,4,12800,BDeu,0.9347826086956522,0.9347826086956522,0.5217391304347826,0.5,0.6491228070175439,0.8043478260869565,6,0.13043478260869565,22,0.4782608695652174
93,4,12800,WMSE,0.7755102040816326,0.8260869565217391,0.3076923076923077,0.16666666666666666,0.34615384615384615,0.391304347826087,19,0.41304347826086957,42,0.9130434782608695
94,4,12800,BIC,0.775,0.6739130434782609,0.3333333333333333,0.125,0.43902439024390244,0.391304347826087,24,0.5217391304347826,38,0.8260869565217391
95,4,12800,qNML,0.7317073170731707,0.6521739130434783,0.3333333333333333,0.125,0.40476190476190477,0.3695652173913043,27,0.5869565217391305,41,0.8913043478260869
96,4,25600,BDeu,0.9183673469387755,0.9782608695652174,0.95,0.7916666666666666,0.7777777777777778,0.9130434782608695,5,0.10869565217391304,13,0.2826086956521739
97,4,25600,WMSE,0.6451612903225806,0.8695652173913043,0.18181818181818182,0.16666666666666666,0.296875,0.41304347826086957,28,0.6086956521739131,51,1.108695652173913
98,4,25600,BIC,0.7272727272727273,0.6956521739130435,0.3333333333333333,0.125,0.37777777777777777,0.3695652173913043,26,0.5652173913043478,42,0.9130434782608695
99,4,25600,qNML,0.7272727272727273,0.6956521739130435,0.3333333333333333,0.125,0.37777777777777777,0.3695652173913043,26,0.5652173913043478,42,0.9130434782608695
100,5,1600,BDeu,0.9148936170212766,0.9347826086956522,0.65,0.5416666666666666,0.6909090909090909,0.8260869565217391,7,0.15217391304347827,18,0.391304347826087
101,5,1600,WMSE,0.7894736842105263,0.6521739130434783,0.21428571428571427,0.125,0.4090909090909091,0.391304347826087,24,0.5217391304347826,42,0.9130434782608695
102,5,1600,BIC,0.5151515151515151,0.3695652173913043,0.08333333333333333,0.16666666666666666,0.25757575757575757,0.3695652173913043,45,0.9782608695652174,62,1.3478260869565217
103,5,1600,qNML,0.4358974358974359,0.3695652173913043,0.0975609756097561,0.16666666666666666,0.21875,0.30434782608695654,51,1.108695652173913,66,1.434782608695652
104,5,3200,BDeu,0.9361702127659575,0.9565217391304348,0.5757575757575758,0.7916666666666666,0.7213114754098361,0.9565217391304348,5,0.10869565217391304,18,0.391304347826087
105,5,3200,WMSE,0.7380952380952381,0.6739130434782609,0.2727272727272727,0.125,0.3191489361702128,0.32608695652173914,26,0.5652173913043478,46,1.0
106,5,3200,BIC,0.5675675675675675,0.45652173913043476,0.0,0.0,0.23684210526315788,0.1956521739130435,41,0.8913043478260869,54,1.173913043478261
107,5,3200,qNML,0.5675675675675675,0.45652173913043476,0.0,0.0,0.23684210526315788,0.1956521739130435,41,0.8913043478260869,54,1.173913043478261
108,5,6400,BDeu,0.9361702127659575,0.9565217391304348,0.85,0.7083333333333334,0.7636363636363637,0.9130434782608695,5,0.10869565217391304,13,0.2826086956521739
109,5,6400,WMSE,0.6346153846153846,0.717391304347826,0.13636363636363635,0.125,0.2631578947368421,0.32608695652173914,32,0.6956521739130435,53,1.1521739130434783
110,5,6400,BIC,0.7027027027027027,0.5652173913043478,0.15384615384615385,0.16666666666666666,0.41509433962264153,0.4782608695652174,31,0.6739130434782609,44,0.9565217391304348
111,5,6400,qNML,0.65,0.5652173913043478,0.16666666666666666,0.16666666666666666,0.39622641509433965,0.45652173913043476,34,0.7391304347826086,46,1.0
112,5,12800,BDeu,0.9574468085106383,0.9782608695652174,0.8421052631578947,0.6666666666666666,0.8,0.8695652173913043,3,0.06521739130434782,11,0.2391304347826087
113,5,12800,WMSE,0.6724137931034483,0.8478260869565217,0.21739130434782608,0.20833333333333334,0.3548387096774194,0.4782608695652174,26,0.5652173913043478,47,1.0217391304347827
114,5,12800,BIC,0.7142857142857143,0.6521739130434783,0.2857142857142857,0.16666666666666666,0.42857142857142855,0.45652173913043476,28,0.6086956521739131,44,0.9565217391304348
115,5,12800,qNML,0.7142857142857143,0.6521739130434783,0.2857142857142857,0.16666666666666666,0.42857142857142855,0.45652173913043476,28,0.6086956521739131,44,0.9565217391304348
116,5,25600,BDeu,0.9375,0.9782608695652174,0.8,0.6666666666666666,0.7843137254901961,0.8695652173913043,4,0.08695652173913043,12,0.2608695652173913
117,5,25600,WMSE,0.6,0.782608695652174,0.17391304347826086,0.16666666666666666,0.3492063492063492,0.4782608695652174,34,0.7391304347826086,51,1.108695652173913
118,5,25600,BIC,0.7727272727272727,0.7391304347826086,0.4444444444444444,0.16666666666666666,0.4222222222222222,0.41304347826086957,22,0.4782608695652174,38,0.8260869565217391
119,5,25600,qNML,0.7727272727272727,0.7391304347826086,0.4444444444444444,0.16666666666666666,0.4222222222222222,0.41304347826086957,22,0.4782608695652174,38,0.8260869565217391
120,6,1600,BDeu,0.9565217391304348,0.9565217391304348,0.7391304347826086,0.7083333333333334,0.7962962962962963,0.9347826086956522,4,0.08695652173913043,11,0.2391304347826087
121,6,1600,WMSE,0.8157894736842105,0.6739130434782609,0.2727272727272727,0.125,0.41304347826086957,0.41304347826086957,22,0.4782608695652174,41,0.8913043478260869
122,6,1600,BIC,0.5588235294117647,0.41304347826086957,0.09615384615384616,0.20833333333333334,0.27941176470588236,0.41304347826086957,42,0.9130434782608695,61,1.326086956521739
123,6,1600,qNML,0.5,0.41304347826086957,0.07547169811320754,0.16666666666666666,0.23943661971830985,0.3695652173913043,46,1.0,65,1.4130434782608696
124,6,3200,BDeu,0.88,0.9565217391304348,0.48,0.5,0.6065573770491803,0.8043478260869565,8,0.17391304347826086,24,0.5217391304347826
125,6,3200,WMSE,0.7804878048780488,0.6956521739130435,0.4,0.16666666666666666,0.391304347826087,0.391304347826087,23,0.5,42,0.9130434782608695
126,6,3200,BIC,0.6216216216216216,0.5,0.0,0.0,0.24390243902439024,0.21739130434782608,37,0.8043478260869565,54,1.173913043478261
127,6,3200,qNML,0.5897435897435898,0.5,0.0,0.0,0.23255813953488372,0.21739130434782608,39,0.8478260869565217,56,1.2173913043478262
128,6,6400,BDeu,0.9565217391304348,0.9565217391304348,0.9444444444444444,0.7083333333333334,0.8235294117647058,0.9130434782608695,4,0.08695652173913043,10,0.21739130434782608
129,6,6400,WMSE,0.7291666666666666,0.7608695652173914,0.3125,0.20833333333333334,0.39622641509433965,0.45652173913043476,24,0.5217391304347826,42,0.9130434782608695
130,6,6400,BIC,0.6923076923076923,0.5869565217391305,0.4,0.08333333333333333,0.375,0.32608695652173914,31,0.6739130434782609,44,0.9565217391304348
131,6,6400,qNML,0.6341463414634146,0.5652173913043478,0.25,0.08333333333333333,0.3333333333333333,0.30434782608695654,35,0.7608695652173914,48,1.0434782608695652
132,6,12800,BDeu,0.9361702127659575,0.9565217391304348,0.5357142857142857,0.625,0.65,0.8478260869565217,5,0.10869565217391304,21,0.45652173913043476
133,6,12800,WMSE,0.6909090909090909,0.8260869565217391,0.18181818181818182,0.16666666666666666,0.3770491803278688,0.5,25,0.5434782608695652,46,1.0
134,6,12800,BIC,0.7142857142857143,0.6521739130434783,0.3333333333333333,0.125,0.3953488372093023,0.3695652173913043,28,0.6086956521739131,42,0.9130434782608695
135,6,12800,qNML,0.6976744186046512,0.6521739130434783,0.3333333333333333,0.125,0.38636363636363635,0.3695652173913043,29,0.6304347826086957,43,0.9347826086956522
136,6,25600,BDeu,0.9361702127659575,0.9565217391304348,0.8636363636363636,0.7916666666666666,0.8076923076923077,0.9130434782608695,5,0.10869565217391304,11,0.2391304347826087
137,6,25600,WMSE,0.6666666666666666,0.8695652173913043,0.16129032258064516,0.20833333333333334,0.31343283582089554,0.45652173913043476,26,0.5652173913043478,51,1.108695652173913
138,6,25600,BIC,0.7674418604651163,0.717391304347826,0.38461538461538464,0.20833333333333334,0.48,0.5217391304347826,23,0.5,39,0.8478260869565217
139,6,25600,qNML,0.7272727272727273,0.6956521739130435,0.2631578947368421,0.20833333333333334,0.43636363636363634,0.5217391304347826,26,0.5652173913043478,44,0.9565217391304348
140,7,1600,BDeu,0.8775510204081632,0.9347826086956522,0.8,0.6666666666666666,0.7450980392156863,0.8260869565217391,9,0.1956521739130435,16,0.34782608695652173
141,7,1600,WMSE,0.868421052631579,0.717391304347826,0.3333333333333333,0.125,0.4186046511627907,0.391304347826087,18,0.391304347826087,38,0.8260869565217391
142,7,1600,BIC,0.5882352941176471,0.43478260869565216,0.0625,0.125,0.29411764705882354,0.43478260869565216,40,0.8695652173913043,60,1.3043478260869565
143,7,1600,qNML,0.5135135135135135,0.41304347826086957,0.0392156862745098,0.08333333333333333,0.24285714285714285,0.3695652173913043,45,0.9782608695652174,64,1.391304347826087
144,7,3200,BDeu,0.9148936170212766,0.9347826086956522,1.0,0.7083333333333334,0.8367346938775511,0.8913043478260869,7,0.15217391304347827,11,0.2391304347826087
145,7,3200,WMSE,0.8461538461538461,0.717391304347826,0.3076923076923077,0.16666666666666666,0.4090909090909091,0.391304347826087,19,0.41304347826086957,38,0.8260869565217391
146,7,3200,BIC,0.5526315789473685,0.45652173913043476,0.09090909090909091,0.08333333333333333,0.23529411764705882,0.2608695652173913,42,0.9130434782608695,61,1.326086956521739
147,7,3200,qNML,0.525,0.45652173913043476,0.09090909090909091,0.08333333333333333,0.22641509433962265,0.2608695652173913,44,0.9565217391304348,63,1.3695652173913044
148,7,6400,BDeu,0.9148936170212766,0.9347826086956522,0.8095238095238095,0.7083333333333334,0.7884615384615384,0.8913043478260869,7,0.15217391304347827,13,0.2826086956521739
149,7,6400,WMSE,0.6862745098039216,0.7608695652173914,0.26666666666666666,0.16666666666666666,0.35714285714285715,0.43478260869565216,27,0.5869565217391305,47,1.0217391304347827
150,7,6400,BIC,0.7,0.6086956521739131,0.45454545454545453,0.20833333333333334,0.45454545454545453,0.43478260869565216,30,0.6521739130434783,41,0.8913043478260869
151,7,6400,qNML,0.6829268292682927,0.6086956521739131,0.4166666666666667,0.20833333333333334,0.4444444444444444,0.43478260869565216,31,0.6739130434782609,42,0.9130434782608695
152,7,12800,BDeu,0.9148936170212766,0.9347826086956522,0.5,0.5,0.6379310344827587,0.8043478260869565,7,0.15217391304347827,23,0.5
153,7,12800,WMSE,0.7115384615384616,0.8043478260869565,0.3333333333333333,0.20833333333333334,0.375,0.45652173913043476,24,0.5217391304347826,44,0.9565217391304348
154,7,12800,BIC,0.7380952380952381,0.6739130434782609,0.375,0.125,0.4186046511627907,0.391304347826087,26,0.5652173913043478,40,0.8695652173913043
155,7,12800,qNML,0.7209302325581395,0.6739130434782609,0.3333333333333333,0.125,0.4090909090909091,0.391304347826087,27,0.5869565217391305,41,0.8913043478260869
156,7,25600,BDeu,0.9183673469387755,0.9782608695652174,0.95,0.7916666666666666,0.7777777777777778,0.9130434782608695,5,0.10869565217391304,13,0.2826086956521739
157,7,25600,WMSE,0.5909090909090909,0.8478260869565217,0.25,0.20833333333333334,0.352112676056338,0.5434782608695652,34,0.7391304347826086,53,1.1521739130434783
158,7,25600,BIC,0.7441860465116279,0.6956521739130435,0.35294117647058826,0.25,0.5098039215686274,0.5652173913043478,25,0.5434782608695652,39,0.8478260869565217
159,7,25600,qNML,0.7441860465116279,0.6956521739130435,0.35294117647058826,0.25,0.5098039215686274,0.5652173913043478,25,0.5434782608695652,39,0.8478260869565217
160,8,1600,BDeu,0.9361702127659575,0.9565217391304348,0.8947368421052632,0.7083333333333334,0.8113207547169812,0.9347826086956522,5,0.10869565217391304,10,0.21739130434782608
161,8,1600,WMSE,0.8888888888888888,0.6956521739130435,0.36363636363636365,0.16666666666666666,0.5,0.45652173913043476,18,0.391304347826087,35,0.7608695652173914
162,8,1600,BIC,0.6285714285714286,0.4782608695652174,0.12,0.25,0.3142857142857143,0.4782608695652174,37,0.8043478260869565,59,1.2826086956521738
163,8,1600,qNML,0.5789473684210527,0.4782608695652174,0.1,0.20833333333333334,0.2777777777777778,0.43478260869565216,40,0.8695652173913043,62,1.3478260869565217
164,8,3200,BDeu,0.9361702127659575,0.9565217391304348,0.85,0.7083333333333334,0.7735849056603774,0.8913043478260869,5,0.10869565217391304,13,0.2826086956521739
165,8,3200,WMSE,0.7619047619047619,0.6956521739130435,0.26666666666666666,0.16666666666666666,0.425531914893617,0.43478260869565216,24,0.5217391304347826,40,0.8695652173913043
166,8,3200,BIC,0.6486486486486487,0.5217391304347826,0.19230769230769232,0.20833333333333334,0.37735849056603776,0.43478260869565216,35,0.7608695652173914,47,1.0217391304347827
167,8,3200,qNML,0.6153846153846154,0.5217391304347826,0.15625,0.20833333333333334,0.35714285714285715,0.43478260869565216,37,0.8043478260869565,49,1.065217391304348
168,8,6400,BDeu,0.8958333333333334,0.9347826086956522,0.7727272727272727,0.7083333333333334,0.7454545454545455,0.8913043478260869,8,0.17391304347826086,14,0.30434782608695654
169,8,6400,WMSE,0.7272727272727273,0.6956521739130435,0.2777777777777778,0.20833333333333334,0.4,0.43478260869565216,26,0.5652173913043478,43,0.9347826086956522
170,8,6400,BIC,0.7105263157894737,0.5869565217391305,0.6,0.125,0.3333333333333333,0.2826086956521739,30,0.6521739130434783,45,0.9782608695652174
171,8,6400,qNML,0.675,0.5869565217391305,0.42857142857142855,0.125,0.3170731707317073,0.2826086956521739,32,0.6956521739130435,47,1.0217391304347827
172,8,12800,BDeu,0.9555555555555556,0.9347826086956522,0.9444444444444444,0.7083333333333334,0.8367346938775511,0.8913043478260869,5,0.10869565217391304,11,0.2391304347826087
173,8,12800,WMSE,0.6792452830188679,0.782608695652174,0.2777777777777778,0.20833333333333334,0.375,0.45652173913043476,27,0.5869565217391305,45,0.9782608695652174
174,8,12800,BIC,0.7560975609756098,0.6739130434782609,0.42857142857142855,0.125,0.40476190476190477,0.3695652173913043,25,0.5434782608695652,40,0.8695652173913043
175,8,12800,qNML,0.7209302325581395,0.6739130434782609,0.3333333333333333,0.125,0.38636363636363635,0.3695652173913043,27,0.5869565217391305,42,0.9130434782608695
176,8,25600,BDeu,0.9375,0.9782608695652174,0.6153846153846154,0.6666666666666666,0.6896551724137931,0.8695652173913043,4,0.08695652173913043,19,0.41304347826086957
177,8,25600,WMSE,0.65,0.8478260869565217,0.18518518518518517,0.20833333333333334,0.359375,0.5,28,0.6086956521739131,48,1.0434782608695652
178,8,25600,BIC,0.7333333333333333,0.717391304347826,0.4,0.16666666666666666,0.391304347826087,0.391304347826087,25,0.5434782608695652,41,0.8913043478260869
179,8,25600,qNML,0.7111111111111111,0.6956521739130435,0.4,0.25,0.47058823529411764,0.5217391304347826,27,0.5869565217391305,41,0.8913043478260869
180,9,1600,BDeu,0.9148936170212766,0.9347826086956522,0.53125,0.7083333333333334,0.671875,0.9347826086956522,7,0.15217391304347827,20,0.43478260869565216
181,9,1600,WMSE,0.7837837837837838,0.6304347826086957,0.2857142857142857,0.08333333333333333,0.4146341463414634,0.3695652173913043,25,0.5434782608695652,41,0.8913043478260869
182,9,1600,BIC,0.4857142857142857,0.3695652173913043,0.05660377358490566,0.125,0.25,0.3695652173913043,47,1.0217391304347827,64,1.391304347826087
183,9,1600,qNML,0.4594594594594595,0.3695652173913043,0.037037037037037035,0.08333333333333333,0.2318840579710145,0.34782608695652173,49,1.065217391304348,65,1.4130434782608696
184,9,3200,BDeu,0.9361702127659575,0.9565217391304348,0.5428571428571428,0.7916666666666666,0.6875,0.9565217391304348,5,0.10869565217391304,19,0.41304347826086957
185,9,3200,WMSE,0.825,0.717391304347826,0.2857142857142857,0.16666666666666666,0.40425531914893614,0.41304347826086957,20,0.43478260869565216,40,0.8695652173913043
186,9,3200,BIC,0.6111111111111112,0.4782608695652174,0.15384615384615385,0.08333333333333333,0.3181818181818182,0.30434782608695654,38,0.8260869565217391,53,1.1521739130434783
187,9,3200,qNML,0.5789473684210527,0.4782608695652174,0.125,0.08333333333333333,0.2978723404255319,0.30434782608695654,40,0.8695652173913043,55,1.1956521739130435
188,9,6400,BDeu,0.9565217391304348,0.9565217391304348,0.9444444444444444,0.7083333333333334,0.8235294117647058,0.9130434782608695,4,0.08695652173913043,10,0.21739130434782608
189,9,6400,WMSE,0.7727272727272727,0.7391304347826086,0.35714285714285715,0.20833333333333334,0.42857142857142855,0.45652173913043476,22,0.4782608695652174,39,0.8478260869565217
190,9,6400,BIC,0.7105263157894737,0.5869565217391305,0.5,0.125,0.41025641025641024,0.34782608695652173,30,0.6521739130434783,42,0.9130434782608695
191,9,6400,qNML,0.7105263157894737,0.5869565217391305,0.5,0.125,0.41025641025641024,0.34782608695652173,30,0.6521739130434783,42,0.9130434782608695
192,9,12800,BDeu,0.9565217391304348,0.9565217391304348,1.0,0.7083333333333334,0.8367346938775511,0.8913043478260869,4,0.08695652173913043,10,0.21739130434782608
193,9,12800,WMSE,0.625,0.7608695652173914,0.3333333333333333,0.16666666666666666,0.3448275862068966,0.43478260869565216,32,0.6956521739130435,49,1.065217391304348
194,9,12800,BIC,0.75,0.6521739130434783,0.6,0.125,0.4146341463414634,0.3695652173913043,26,0.5652173913043478,40,0.8695652173913043
195,9,12800,qNML,0.7142857142857143,0.6521739130434783,0.42857142857142855,0.125,0.3953488372093023,0.3695652173913043,28,0.6086956521739131,42,0.9130434782608695
196,9,25600,BDeu,0.9183673469387755,0.9782608695652174,0.5925925925925926,0.6666666666666666,0.6666666666666666,0.8695652173913043,5,0.10869565217391304,20,0.43478260869565216
197,9,25600,WMSE,0.6610169491525424,0.8478260869565217,0.29411764705882354,0.20833333333333334,0.3548387096774194,0.4782608695652174,27,0.5869565217391305,47,1.0217391304347827
198,9,25600,BIC,0.717391304347826,0.717391304347826,0.36363636363636365,0.16666666666666666,0.3829787234042553,0.391304347826087,26,0.5652173913043478,42,0.9130434782608695
199,9,25600,qNML,0.717391304347826,0.717391304347826,0.36363636363636365,0.16666666666666666,0.3829787234042553,0.391304347826087,26,0.5652173913043478,42,0.9130434782608695
